"","Segment","Ship Mode","Order ID","Sales"
"1","Consumer","First Class","CA-2011-103366",149.95
"2","Consumer","First Class","CA-2011-109043",243.6
"3","Consumer","First Class","CA-2011-113166",9.568
"4","Consumer","First Class","CA-2011-124023",8.96
"5","Consumer","First Class","CA-2011-130155",34.2
"6","Consumer","First Class","CA-2011-136861",31.984
"7","Consumer","First Class","CA-2011-153927",286.65
"8","Consumer","First Class","CA-2011-157784",514.03
"9","Consumer","First Class","CA-2011-160094",1000.95
"10","Consumer","First Class","CA-2011-164749",9.912
"11","Consumer","First Class","CA-2011-166730",39.128
"12","Consumer","First Class","CA-2012-102722",106.5
"13","Consumer","First Class","CA-2012-102778",18.176
"14","Consumer","First Class","CA-2012-117828",194.32
"15","Consumer","First Class","CA-2012-130218",59.48
"16","Consumer","First Class","CA-2012-132318",182.91
"17","Consumer","First Class","CA-2012-137974",2298.9
"18","Consumer","First Class","CA-2012-138625",197.72
"19","Consumer","First Class","CA-2012-141327",440.144
"20","Consumer","First Class","CA-2012-149300",32.985
"21","Consumer","First Class","CA-2012-150560",196.62
"22","Consumer","First Class","CA-2012-165414",47.976
"23","Consumer","First Class","CA-2013-102092",1056.86
"24","Consumer","First Class","CA-2013-102498",73.2
"25","Consumer","First Class","CA-2013-110492",1366.04
"26","Consumer","First Class","CA-2013-119515",15.552
"27","Consumer","First Class","CA-2013-119823",75.88
"28","Consumer","First Class","CA-2013-124772",191.82
"29","Consumer","First Class","CA-2013-125843",125.92
"30","Consumer","First Class","CA-2013-130442",34.944
"31","Consumer","First Class","CA-2013-133872",58.4
"32","Consumer","First Class","CA-2013-145247",79.14
"33","Consumer","First Class","CA-2013-145499",3.282
"34","Consumer","First Class","CA-2013-147368",695.7
"35","Consumer","First Class","CA-2013-157280",1120.73
"36","Consumer","First Class","CA-2013-157364",18.48
"37","Consumer","First Class","CA-2013-164784",377.346
"38","Consumer","First Class","CA-2014-103212",1541.51
"39","Consumer","First Class","CA-2014-105620",141
"40","Consumer","First Class","CA-2014-108287",12.672
"41","Consumer","First Class","CA-2014-109589",71
"42","Consumer","First Class","CA-2014-110198",318.96
"43","Consumer","First Class","CA-2014-112774",34.504
"44","Consumer","First Class","CA-2014-115448",88.92
"45","Consumer","First Class","CA-2014-121314",251.64
"46","Consumer","First Class","CA-2014-121818",52.696
"47","Consumer","First Class","CA-2014-122154",284.19
"48","Consumer","First Class","CA-2014-122994",359.97
"49","Consumer","First Class","CA-2014-125472",253.86
"50","Consumer","First Class","CA-2014-126774",4.89
"51","Consumer","First Class","CA-2014-133235",271.96
"52","Consumer","First Class","CA-2014-138779",29.664
"53","Consumer","First Class","CA-2014-143756",701.96
"54","Consumer","First Class","CA-2014-151218",4.464
"55","Consumer","First Class","CA-2014-156769",54.66
"56","Consumer","First Class","CA-2014-158729",1665.62
"57","Consumer","First Class","CA-2014-158967",19.104
"58","Consumer","First Class","CA-2014-161053",726.91
"59","Consumer","First Class","CA-2014-162635",10.816
"60","Consumer","First Class","CA-2014-163335",79
"61","Consumer","First Class","US-2011-130358",23.12
"62","Consumer","First Class","US-2012-106495",11.672
"63","Consumer","First Class","US-2013-106600",354.9
"64","Consumer","First Class","US-2013-113649",645.136
"65","Consumer","First Class","US-2013-116400",39.92
"66","Consumer","First Class","US-2013-119298",59.98
"67","Consumer","First Class","US-2013-131891",2.214
"68","Consumer","First Class","US-2013-162677",187.616
"69","Consumer","First Class","US-2013-167472",678.87
"70","Consumer","First Class","US-2014-108063",34.65
"71","Consumer","First Class","US-2014-133781",37.608
"72","Consumer","First Class","US-2014-148831",348.56
"73","Consumer","First Class","Grand Total",20802.173
"74","Consumer","Same Day","CA-2011-113047",11.85
"75","Consumer","Same Day","CA-2011-116239",354.9
"76","Consumer","Same Day","CA-2011-130428",1142.165
"77","Consumer","Same Day","CA-2011-131541",193.152
"78","Consumer","Same Day","CA-2011-142951",23.472
"79","Consumer","Same Day","CA-2011-152254",310.688
"80","Consumer","Same Day","CA-2012-117884",598.352
"81","Consumer","Same Day","CA-2012-136224",10.272
"82","Consumer","Same Day","CA-2012-155068",78.456
"83","Consumer","Same Day","CA-2013-101378",29
"84","Consumer","Same Day","CA-2013-105256",1363.96
"85","Consumer","Same Day","CA-2013-106894",107.83
"86","Consumer","Same Day","CA-2013-127698",863.928
"87","Consumer","Same Day","CA-2013-143308",10.74
"88","Consumer","Same Day","CA-2013-144344",314.393
"89","Consumer","Same Day","CA-2013-152163",85.5
"90","Consumer","Same Day","CA-2013-152471",839.944
"91","Consumer","Same Day","CA-2013-159653",14.73
"92","Consumer","Same Day","CA-2014-103065",59.824
"93","Consumer","Same Day","CA-2014-122987",80.564
"94","Consumer","Same Day","CA-2014-144498",817.829
"95","Consumer","Same Day","CA-2014-158883",25.344
"96","Consumer","Same Day","US-2011-114377",149.9
"97","Consumer","Same Day","US-2013-134761",36.192
"98","Consumer","Same Day","US-2013-148803",85.224
"99","Consumer","Same Day","US-2013-156692",89.32
"100","Consumer","Same Day","US-2014-120607",195.64
"101","Consumer","Same Day","US-2014-152492",239.24
"102","Consumer","Same Day","Grand Total",8132.409
"103","Consumer","Second Class","CA-2011-100706",129.44
"104","Consumer","Second Class","CA-2011-101266",13.36
"105","Consumer","Second Class","CA-2011-109232",545.94
"106","Consumer","Second Class","CA-2011-110422",25.248
"107","Consumer","Second Class","CA-2011-115357",62.91
"108","Consumer","Second Class","CA-2011-120768",1979.89
"109","Consumer","Second Class","CA-2011-123925",40.05
"110","Consumer","Second Class","CA-2011-124618",479.984
"111","Consumer","Second Class","CA-2011-127488",4.608
"112","Consumer","Second Class","CA-2011-130918",7.632
"113","Consumer","Second Class","CA-2011-132612",1441.3
"114","Consumer","Second Class","CA-2011-142727",69.9
"115","Consumer","Second Class","CA-2011-145576",26.128
"116","Consumer","Second Class","CA-2011-154158",619.848
"117","Consumer","Second Class","CA-2011-155852",19.456
"118","Consumer","Second Class","CA-2011-156006",47.79
"119","Consumer","Second Class","CA-2011-156790",155.456
"120","Consumer","Second Class","CA-2011-158470",129.33
"121","Consumer","Second Class","CA-2011-166457",40.54
"122","Consumer","Second Class","CA-2011-169775",709.0425
"123","Consumer","Second Class","CA-2012-109386",750.93
"124","Consumer","Second Class","CA-2012-110345",4.608
"125","Consumer","Second Class","CA-2012-116638",4297.644
"126","Consumer","Second Class","CA-2012-128027",269.49
"127","Consumer","Second Class","CA-2012-134257",498.93
"128","Consumer","Second Class","CA-2012-150749",5.56
"129","Consumer","Second Class","CA-2012-153325",58.72
"130","Consumer","Second Class","CA-2012-153752",173.94
"131","Consumer","Second Class","CA-2012-155600",1635.018
"132","Consumer","Second Class","CA-2012-169733",9.952
"133","Consumer","Second Class","CA-2013-101525",140.52
"134","Consumer","Second Class","CA-2013-109722",1284.8
"135","Consumer","Second Class","CA-2013-113292",871.8
"136","Consumer","Second Class","CA-2013-116918",36.364
"137","Consumer","Second Class","CA-2013-120873",290.98
"138","Consumer","Second Class","CA-2013-123176",31.83
"139","Consumer","Second Class","CA-2013-131065",513.52
"140","Consumer","Second Class","CA-2013-136231",228.586
"141","Consumer","Second Class","CA-2013-137043",859.14
"142","Consumer","Second Class","CA-2013-140543",191.88
"143","Consumer","Second Class","CA-2013-141180",7.764
"144","Consumer","Second Class","CA-2013-149783",131.104
"145","Consumer","Second Class","CA-2013-149979",487.22
"146","Consumer","Second Class","CA-2013-152156",993.9
"147","Consumer","Second Class","CA-2013-154690",225.296
"148","Consumer","Second Class","CA-2013-155670",21.504
"149","Consumer","Second Class","CA-2013-158841",8805.04
"150","Consumer","Second Class","CA-2013-159765",27.86
"151","Consumer","Second Class","CA-2013-162355",1302.83
"152","Consumer","Second Class","CA-2013-164735",81.2
"153","Consumer","Second Class","CA-2013-168753",1002.7
"154","Consumer","Second Class","CA-2013-168893",903.77
"155","Consumer","Second Class","CA-2013-169334",111.672
"156","Consumer","Second Class","CA-2014-101210",13.152
"157","Consumer","Second Class","CA-2014-101273",14.336
"158","Consumer","Second Class","CA-2014-101483",61.216
"159","Consumer","Second Class","CA-2014-102309",212.91
"160","Consumer","Second Class","CA-2014-107209",194.848
"161","Consumer","Second Class","CA-2014-107461",23.88
"162","Consumer","Second Class","CA-2014-113705",874.8
"163","Consumer","Second Class","CA-2014-123239",91.032
"164","Consumer","Second Class","CA-2014-127726",209.88
"165","Consumer","Second Class","CA-2014-128629",18.84
"166","Consumer","Second Class","CA-2014-128699",47.992
"167","Consumer","Second Class","CA-2014-129021",4590.344
"168","Consumer","Second Class","CA-2014-129462",740.59
"169","Consumer","Second Class","CA-2014-130834",16.272
"170","Consumer","Second Class","CA-2014-139353",273.088
"171","Consumer","Second Class","CA-2014-140088",301.96
"172","Consumer","Second Class","CA-2014-144694",253.824
"173","Consumer","Second Class","CA-2014-145310",7.824
"174","Consumer","Second Class","CA-2014-146458",22.96
"175","Consumer","Second Class","CA-2014-155159",48.87
"176","Consumer","Second Class","CA-2014-155705",866.4
"177","Consumer","Second Class","CA-2014-160458",25.92
"178","Consumer","Second Class","CA-2014-161200",161.14
"179","Consumer","Second Class","CA-2014-163321",79.992
"180","Consumer","Second Class","CA-2014-163510",400.39
"181","Consumer","Second Class","CA-2014-165204",728.968
"182","Consumer","Second Class","CA-2014-167941",831.368
"183","Consumer","Second Class","US-2011-102715",737.2
"184","Consumer","Second Class","US-2011-117135",425.67
"185","Consumer","Second Class","US-2012-136749",433.78
"186","Consumer","Second Class","US-2012-151435",85.98
"187","Consumer","Second Class","US-2013-120929",189.882
"188","Consumer","Second Class","US-2013-142251",32.064
"189","Consumer","Second Class","US-2014-135062",229.544
"190","Consumer","Second Class","US-2014-153633",2.064
"191","Consumer","Second Class","US-2014-158526",1814.68
"192","Consumer","Second Class","US-2014-163195",29.16
"193","Consumer","Second Class","US-2014-167920",1827.51
"194","Consumer","Second Class","Grand Total",49724.2545
"195","Consumer","Standard Class","CA-2011-100895",605.47
"196","Consumer","Standard Class","CA-2011-104283",616.14
"197","Consumer","Standard Class","CA-2011-107573",23.472
"198","Consumer","Standard Class","CA-2011-110100",302.376
"199","Consumer","Standard Class","CA-2011-114335",337.088
"200","Consumer","Standard Class","CA-2011-116190",256.48
"201","Consumer","Standard Class","CA-2011-116407",362.176
"202","Consumer","Standard Class","CA-2011-116568",186.304
"203","Consumer","Standard Class","CA-2011-117016",15.552
"204","Consumer","Standard Class","CA-2011-120950",43.68
"205","Consumer","Standard Class","CA-2011-123400",199.296
"206","Consumer","Standard Class","CA-2011-127299",2692.329
"207","Consumer","Standard Class","CA-2011-127614",1508.13
"208","Consumer","Standard Class","CA-2011-128839",254.97
"209","Consumer","Standard Class","CA-2011-131527",95.968
"210","Consumer","Standard Class","CA-2011-134551",732.312
"211","Consumer","Standard Class","CA-2011-138296",24.56
"212","Consumer","Standard Class","CA-2011-138709",37.44
"213","Consumer","Standard Class","CA-2011-140886",69.216
"214","Consumer","Standard Class","CA-2011-143182",15.384
"215","Consumer","Standard Class","CA-2011-143840",180.93
"216","Consumer","Standard Class","CA-2011-146731",147.344
"217","Consumer","Standard Class","CA-2011-149958",370.782
"218","Consumer","Standard Class","CA-2011-152268",1793.98
"219","Consumer","Standard Class","CA-2011-155390",42.208
"220","Consumer","Standard Class","CA-2011-159184",149.56
"221","Consumer","Standard Class","CA-2011-159681",105.52
"222","Consumer","Standard Class","CA-2011-161634",32.4
"223","Consumer","Standard Class","CA-2011-163013",14.67
"224","Consumer","Standard Class","CA-2011-164315",1220.67
"225","Consumer","Standard Class","CA-2011-165764",1395.673
"226","Consumer","Standard Class","CA-2011-166051",773.7
"227","Consumer","Standard Class","CA-2011-169257",63.381
"228","Consumer","Standard Class","CA-2012-100888",47.952
"229","Consumer","Standard Class","CA-2012-101868",175.32
"230","Consumer","Standard Class","CA-2012-102491",3747.93
"231","Consumer","Standard Class","CA-2012-102582",1918.79
"232","Consumer","Standard Class","CA-2012-103093",74.52
"233","Consumer","Standard Class","CA-2012-104115",55.984
"234","Consumer","Standard Class","CA-2012-107678",893.09
"235","Consumer","Standard Class","CA-2012-108119",301.96
"236","Consumer","Standard Class","CA-2012-110247",8.226
"237","Consumer","Standard Class","CA-2012-111199",115.296
"238","Consumer","Standard Class","CA-2012-111703",27.504
"239","Consumer","Standard Class","CA-2012-112375",78.192
"240","Consumer","Standard Class","CA-2012-114300",371.66
"241","Consumer","Standard Class","CA-2012-114503",84.96
"242","Consumer","Standard Class","CA-2012-115938",535.36
"243","Consumer","Standard Class","CA-2012-118444",387.136
"244","Consumer","Standard Class","CA-2012-118843",199.86
"245","Consumer","Standard Class","CA-2012-119480",364.07
"246","Consumer","Standard Class","CA-2012-119634",46.152
"247","Consumer","Standard Class","CA-2012-120516",5.64
"248","Consumer","Standard Class","CA-2012-120621",1270.379
"249","Consumer","Standard Class","CA-2012-122266",194.1395
"250","Consumer","Standard Class","CA-2012-123092",288.85
"251","Consumer","Standard Class","CA-2012-123330",107.976
"252","Consumer","Standard Class","CA-2012-125563",121.888
"253","Consumer","Standard Class","CA-2012-125976",2026.78
"254","Consumer","Standard Class","CA-2012-128139",365.91
"255","Consumer","Standard Class","CA-2012-129098",30.84
"256","Consumer","Standard Class","CA-2012-133242",1046.47
"257","Consumer","Standard Class","CA-2012-134719",1801.632
"258","Consumer","Standard Class","CA-2012-134782",105.42
"259","Consumer","Standard Class","CA-2012-134894",436.86
"260","Consumer","Standard Class","CA-2012-136147",233.064
"261","Consumer","Standard Class","CA-2012-138457",13.092
"262","Consumer","Standard Class","CA-2012-141145",87.168
"263","Consumer","Standard Class","CA-2012-141565",1664.132
"264","Consumer","Standard Class","CA-2012-142755",919.49
"265","Consumer","Standard Class","CA-2012-143119",517.5
"266","Consumer","Standard Class","CA-2012-143532",14.496
"267","Consumer","Standard Class","CA-2012-144288",19.584
"268","Consumer","Standard Class","CA-2012-145352",6412.77
"269","Consumer","Standard Class","CA-2012-147879",45.68
"270","Consumer","Standard Class","CA-2012-148705",5.04
"271","Consumer","Standard Class","CA-2012-151547",88.96
"272","Consumer","Standard Class","CA-2012-153535",169.544
"273","Consumer","Standard Class","CA-2012-153626",5.16
"274","Consumer","Standard Class","CA-2012-155635",48.81
"275","Consumer","Standard Class","CA-2012-156328",177.48
"276","Consumer","Standard Class","CA-2012-158148",36.27
"277","Consumer","Standard Class","CA-2012-158421",3631.96
"278","Consumer","Standard Class","CA-2012-162537",104.51
"279","Consumer","Standard Class","CA-2012-162761",50.462
"280","Consumer","Standard Class","CA-2012-163965",377.902
"281","Consumer","Standard Class","CA-2012-165624",1142.43
"282","Consumer","Standard Class","CA-2012-167696",31.12
"283","Consumer","Standard Class","CA-2012-168459",58.05
"284","Consumer","Standard Class","CA-2012-169740",29.99
"285","Consumer","Standard Class","CA-2013-101469",7.7
"286","Consumer","Standard Class","CA-2013-102162",1611.01
"287","Consumer","Standard Class","CA-2013-104157",2503.47
"288","Consumer","Standard Class","CA-2013-104276",447.783
"289","Consumer","Standard Class","CA-2013-106950",1854.241
"290","Consumer","Standard Class","CA-2013-108105",323.88
"291","Consumer","Standard Class","CA-2013-108567",2.694
"292","Consumer","Standard Class","CA-2013-108616",298.83
"293","Consumer","Standard Class","CA-2013-111409",3
"294","Consumer","Standard Class","CA-2013-111605",2.61
"295","Consumer","Standard Class","CA-2013-112102",448.81
"296","Consumer","Standard Class","CA-2013-113733",334.256
"297","Consumer","Standard Class","CA-2013-113747",185.88
"298","Consumer","Standard Class","CA-2013-116232",24.066
"299","Consumer","Standard Class","CA-2013-117604",239.5
"300","Consumer","Standard Class","CA-2013-118514",866.4
"301","Consumer","Standard Class","CA-2013-118626",705.544
"302","Consumer","Standard Class","CA-2013-121958",52.136
"303","Consumer","Standard Class","CA-2013-131205",291.74
"304","Consumer","Standard Class","CA-2013-132549",73.36
"305","Consumer","Standard Class","CA-2013-133123",99.156
"306","Consumer","Standard Class","CA-2013-133368",405.344
"307","Consumer","Standard Class","CA-2013-134208",396
"308","Consumer","Standard Class","CA-2013-135636",387.72
"309","Consumer","Standard Class","CA-2013-136483",4.704
"310","Consumer","Standard Class","CA-2013-137736",41.86
"311","Consumer","Standard Class","CA-2013-139381",233.48
"312","Consumer","Standard Class","CA-2013-140641",38.19
"313","Consumer","Standard Class","CA-2013-142370",254.99
"314","Consumer","Standard Class","CA-2013-142895",370.184
"315","Consumer","Standard Class","CA-2013-145905",1264.14
"316","Consumer","Standard Class","CA-2013-146143",133.38
"317","Consumer","Standard Class","CA-2013-146150",264.18
"318","Consumer","Standard Class","CA-2013-148684",870.04
"319","Consumer","Standard Class","CA-2013-150000",17.92
"320","Consumer","Standard Class","CA-2013-154060",187.056
"321","Consumer","Standard Class","CA-2013-155138",99.872
"322","Consumer","Standard Class","CA-2013-156503",305.248
"323","Consumer","Standard Class","CA-2013-156573",60.485
"324","Consumer","Standard Class","CA-2013-157245",641.96
"325","Consumer","Standard Class","CA-2013-157588",88.15
"326","Consumer","Standard Class","CA-2013-159989",40.68
"327","Consumer","Standard Class","CA-2013-160234",135.95
"328","Consumer","Standard Class","CA-2013-160486",72.224
"329","Consumer","Standard Class","CA-2013-163174",186.54
"330","Consumer","Standard Class","CA-2013-163776",1110.5
"331","Consumer","Standard Class","CA-2013-164574",732.156
"332","Consumer","Standard Class","CA-2013-166282",158.256
"333","Consumer","Standard Class","CA-2013-166485",16.496
"334","Consumer","Standard Class","CA-2013-168536",66.3
"335","Consumer","Standard Class","CA-2013-169103",1466.32
"336","Consumer","Standard Class","CA-2014-100426",12.48
"337","Consumer","Standard Class","CA-2014-100622",1030.742
"338","Consumer","Standard Class","CA-2014-100902",699.4
"339","Consumer","Standard Class","CA-2014-101042",843.84
"340","Consumer","Standard Class","CA-2014-102204",3740.51
"341","Consumer","Standard Class","CA-2014-102610",248.396
"342","Consumer","Standard Class","CA-2014-102736",177.08
"343","Consumer","Standard Class","CA-2014-103499",209.568
"344","Consumer","Standard Class","CA-2014-104731",951.98
"345","Consumer","Standard Class","CA-2014-106537",20.736
"346","Consumer","Standard Class","CA-2014-108035",491.888
"347","Consumer","Standard Class","CA-2014-108112",559.2
"348","Consumer","Standard Class","CA-2014-109183",649
"349","Consumer","Standard Class","CA-2014-110926",25.06
"350","Consumer","Standard Class","CA-2014-114412",15.552
"351","Consumer","Standard Class","CA-2014-114636",192.16
"352","Consumer","Standard Class","CA-2014-116855",504.9
"353","Consumer","Standard Class","CA-2014-116939",177.55
"354","Consumer","Standard Class","CA-2014-117079",863.88
"355","Consumer","Standard Class","CA-2014-117198",659.9
"356","Consumer","Standard Class","CA-2014-118402",243.92
"357","Consumer","Standard Class","CA-2014-119004",105.408
"358","Consumer","Standard Class","CA-2014-119305",173.8
"359","Consumer","Standard Class","CA-2014-119669",5.67
"360","Consumer","Standard Class","CA-2014-120894",28.08
"361","Consumer","Standard Class","CA-2014-121804",72.8
"362","Consumer","Standard Class","CA-2014-122056",181.86
"363","Consumer","Standard Class","CA-2014-123351",80.48
"364","Consumer","Standard Class","CA-2014-124296",712.85
"365","Consumer","Standard Class","CA-2014-124765",723.92
"366","Consumer","Standard Class","CA-2014-126354",119.178
"367","Consumer","Standard Class","CA-2014-126914",776.08
"368","Consumer","Standard Class","CA-2014-127306",175.086
"369","Consumer","Standard Class","CA-2014-128363",2382.926
"370","Consumer","Standard Class","CA-2014-128755",629.86
"371","Consumer","Standard Class","CA-2014-130309",544.38
"372","Consumer","Standard Class","CA-2014-130904",22.744
"373","Consumer","Standard Class","CA-2014-132185",52.344
"374","Consumer","Standard Class","CA-2014-133501",5.184
"375","Consumer","Standard Class","CA-2014-133641",48.69
"376","Consumer","Standard Class","CA-2014-133928",4.572
"377","Consumer","Standard Class","CA-2014-135587",372.64
"378","Consumer","Standard Class","CA-2014-137631",751.984
"379","Consumer","Standard Class","CA-2014-138975",2361.52
"380","Consumer","Standard Class","CA-2014-139493",15.92
"381","Consumer","Standard Class","CA-2014-139948",7.904
"382","Consumer","Standard Class","CA-2014-140627",303.32
"383","Consumer","Standard Class","CA-2014-140872",1111.698
"384","Consumer","Standard Class","CA-2014-142090",2165.658
"385","Consumer","Standard Class","CA-2014-143861",17.088
"386","Consumer","Standard Class","CA-2014-144365",11.68
"387","Consumer","Standard Class","CA-2014-145275",14.94
"388","Consumer","Standard Class","CA-2014-145737",163.96
"389","Consumer","Standard Class","CA-2014-146136",24.448
"390","Consumer","Standard Class","CA-2014-146192",675.06
"391","Consumer","Standard Class","CA-2014-146983",1577.94
"392","Consumer","Standard Class","CA-2014-147228",458.984
"393","Consumer","Standard Class","CA-2014-148999",419.136
"394","Consumer","Standard Class","CA-2014-149853",33.472
"395","Consumer","Standard Class","CA-2014-150910",1090.348
"396","Consumer","Standard Class","CA-2014-152786",40.41
"397","Consumer","Standard Class","CA-2014-152968",23.08
"398","Consumer","Standard Class","CA-2014-154088",26.72
"399","Consumer","Standard Class","CA-2014-158386",124.75
"400","Consumer","Standard Class","CA-2014-158743",199.17
"401","Consumer","Standard Class","CA-2014-159954",2.78
"402","Consumer","Standard Class","CA-2014-161970",30.9
"403","Consumer","Standard Class","CA-2014-162173",608.43
"404","Consumer","Standard Class","CA-2014-165687",35.04
"405","Consumer","Standard Class","CA-2014-165715",32.776
"406","Consumer","Standard Class","CA-2014-167871",47.328
"407","Consumer","Standard Class","CA-2014-169005",5.56
"408","Consumer","Standard Class","US-2011-115196",1299.99
"409","Consumer","Standard Class","US-2011-117170",52.608
"410","Consumer","Standard Class","US-2011-147627",1859.4
"411","Consumer","Standard Class","US-2011-150574",252.612
"412","Consumer","Standard Class","US-2011-155544",310.528
"413","Consumer","Standard Class","US-2011-156559",638.82
"414","Consumer","Standard Class","US-2011-158057",59.109
"415","Consumer","Standard Class","US-2011-165659",904.13
"416","Consumer","Standard Class","US-2011-167633",15.552
"417","Consumer","Standard Class","US-2012-108966",979.9455
"418","Consumer","Standard Class","US-2012-120572",12.828
"419","Consumer","Standard Class","US-2012-123960",207.82
"420","Consumer","Standard Class","US-2012-129553",29.97
"421","Consumer","Standard Class","US-2012-134026",1001.76
"422","Consumer","Standard Class","US-2012-145436",551.264
"423","Consumer","Standard Class","US-2012-164357",13.12
"424","Consumer","Standard Class","US-2012-168732",129.64
"425","Consumer","Standard Class","US-2012-168935",459.4335
"426","Consumer","Standard Class","US-2013-121013",1678
"427","Consumer","Standard Class","US-2013-132857",6.672
"428","Consumer","Standard Class","US-2013-135923",530.272
"429","Consumer","Standard Class","US-2013-137295",187.228
"430","Consumer","Standard Class","US-2013-147991",16.72
"431","Consumer","Standard Class","US-2013-164588",12.84
"432","Consumer","Standard Class","US-2013-169369",299.07
"433","Consumer","Standard Class","US-2014-102904",239.92
"434","Consumer","Standard Class","US-2014-105935",3002.65
"435","Consumer","Standard Class","US-2014-117450",107.552
"436","Consumer","Standard Class","US-2014-126179",311.96
"437","Consumer","Standard Class","US-2014-134642",428.704
"438","Consumer","Standard Class","US-2014-135986",536.36
"439","Consumer","Standard Class","US-2014-136189",82.38
"440","Consumer","Standard Class","US-2014-146822",49.12
"441","Consumer","Standard Class","US-2014-146878",12.294
"442","Consumer","Standard Class","US-2014-149510",98.446
"443","Consumer","Standard Class","US-2014-152842",242.352
"444","Consumer","Standard Class","US-2014-152898",67.9
"445","Consumer","Standard Class","US-2014-165953",71.096
"446","Consumer","Standard Class","US-2014-166233",24
"447","Consumer","Standard Class","US-2014-168690",2.808
"448","Consumer","Standard Class","Grand Total",116922.1345
"449","corporate","First Class","CA-2011-103317",242.546
"450","corporate","First Class","CA-2011-103989",590.762
"451","corporate","First Class","CA-2011-106054",12.78
"452","corporate","First Class","CA-2011-111934",47.32
"453","corporate","First Class","CA-2011-124688",1812.01
"454","corporate","First Class","CA-2011-125682",9.96
"455","corporate","First Class","CA-2011-131905",321.56
"456","corporate","First Class","CA-2011-163293",116.85
"457","corporate","First Class","CA-2011-169684",426.942
"458","corporate","First Class","CA-2012-104038",176.63
"459","corporate","First Class","CA-2012-121720",3165.744
"460","corporate","First Class","CA-2012-133396",64.68
"461","corporate","First Class","CA-2012-140718",246.364
"462","corporate","First Class","CA-2012-154746",860.07
"463","corporate","First Class","CA-2012-156734",670.001
"464","corporate","First Class","CA-2012-158323",17.088
"465","corporate","First Class","CA-2013-112676",14.352
"466","corporate","First Class","CA-2013-127208",224.9
"467","corporate","First Class","CA-2013-133711",3236.41
"468","corporate","First Class","CA-2013-153318",783.96
"469","corporate","First Class","CA-2013-160598",31.008
"470","corporate","First Class","CA-2013-162901",31.4
"471","corporate","First Class","CA-2014-113481",740.214
"472","corporate","First Class","CA-2014-115882",1017.136
"473","corporate","First Class","CA-2014-117695",13.76
"474","corporate","First Class","CA-2014-122707",503.22
"475","corporate","First Class","CA-2014-123687",234.2
"476","corporate","First Class","CA-2014-124828",9.552
"477","corporate","First Class","CA-2014-129028",127.95
"478","corporate","First Class","CA-2014-134810",272.232
"479","corporate","First Class","CA-2014-147760",1883.724
"480","corporate","First Class","CA-2014-155698",668.54
"481","corporate","First Class","CA-2014-159464",524.85
"482","corporate","First Class","CA-2014-161851",15.57
"483","corporate","First Class","US-2012-131842",97.424
"484","corporate","First Class","US-2013-101616",87.28
"485","corporate","First Class","US-2013-140809",56.45
"486","corporate","First Class","US-2013-153815",368.432
"487","corporate","First Class","US-2014-128951",1065.84
"488","corporate","First Class","US-2014-162208",2.896
"489","corporate","First Class","Grand Total",20792.607
"490","corporate","Same Day","CA-2011-158771",158.71
"491","corporate","Same Day","CA-2013-130820",630.024
"492","corporate","Same Day","CA-2014-161046",839.25
"493","corporate","Same Day","US-2012-130519",111.904
"494","corporate","Same Day","US-2014-168116",8167.42
"495","corporate","Same Day","Grand Total",9907.308
"496","corporate","Second Class","CA-2011-101560",542.34
"497","corporate","Second Class","CA-2011-102988",4251.92
"498","corporate","Second Class","CA-2011-110408",2216.8
"499","corporate","Second Class","CA-2011-114790",782.63
"500","corporate","Second Class","CA-2011-120432",25.5
"501","corporate","Second Class","CA-2011-121286",66.616
"502","corporate","Second Class","CA-2011-129819",12.39
"503","corporate","Second Class","CA-2011-153913",1015.816
"504","corporate","Second Class","CA-2011-162775",1287.26
"505","corporate","Second Class","CA-2011-164910",7.872
"506","corporate","Second Class","CA-2012-109470",596.48
"507","corporate","Second Class","CA-2012-109708",467.04
"508","corporate","Second Class","CA-2012-116750",12.158
"509","corporate","Second Class","CA-2012-119592",3.76
"510","corporate","Second Class","CA-2012-142202",717.12
"511","corporate","Second Class","CA-2012-161445",140.736
"512","corporate","Second Class","CA-2012-163237",520.03
"513","corporate","Second Class","CA-2012-166604",17.94
"514","corporate","Second Class","CA-2012-168004",392.94
"515","corporate","Second Class","CA-2012-169677",9.82
"516","corporate","Second Class","CA-2013-109407",31.36
"517","corporate","Second Class","CA-2013-112697",1410.066
"518","corporate","Second Class","CA-2013-113236",232.624
"519","corporate","Second Class","CA-2013-122518",10.08
"520","corporate","Second Class","CA-2013-134474",255.904
"521","corporate","Second Class","CA-2013-143805",2145.25
"522","corporate","Second Class","CA-2013-157161",199.18
"523","corporate","Second Class","CA-2013-162236",1106.924
"524","corporate","Second Class","CA-2013-162747",86.45
"525","corporate","Second Class","CA-2013-163167",2673.69
"526","corporate","Second Class","CA-2014-103009",26.4
"527","corporate","Second Class","CA-2014-104864",552.856
"528","corporate","Second Class","CA-2014-115070",16.739
"529","corporate","Second Class","CA-2014-116113",10.16
"530","corporate","Second Class","CA-2014-122693",1245.86
"531","corporate","Second Class","CA-2014-128300",406.94
"532","corporate","Second Class","CA-2014-133263",3098.61
"533","corporate","Second Class","CA-2014-134495",269.4
"534","corporate","Second Class","CA-2014-134649",22.63
"535","corporate","Second Class","CA-2014-143567",3291.07
"536","corporate","Second Class","CA-2014-145702",342.24
"537","corporate","Second Class","CA-2014-153339",15.992
"538","corporate","Second Class","CA-2014-153654",19.008
"539","corporate","Second Class","CA-2014-158561",1158.12
"540","corporate","Second Class","US-2012-140851",38.88
"541","corporate","Second Class","US-2012-149629",231.92
"542","corporate","Second Class","US-2013-138408",1319.96
"543","corporate","Second Class","US-2013-161844",82.92
"544","corporate","Second Class","US-2014-109610",701.96
"545","corporate","Second Class","US-2014-162670",1152.87
"546","corporate","Second Class","Grand Total",35243.231
"547","corporate","Standard Class","CA-2011-100916",788.86
"548","corporate","Standard Class","CA-2011-101770",1.869
"549","corporate","Standard Class","CA-2011-102274",865.5
"550","corporate","Standard Class","CA-2011-102673",1044.44
"551","corporate","Standard Class","CA-2011-103807",21.19
"552","corporate","Standard Class","CA-2011-106810",310.88
"553","corporate","Standard Class","CA-2011-107811",661.504
"554","corporate","Standard Class","CA-2011-111500",484.79
"555","corporate","Standard Class","CA-2011-112718",1.167
"556","corporate","Standard Class","CA-2011-114314",16.23
"557","corporate","Standard Class","CA-2011-114321",1417.35
"558","corporate","Standard Class","CA-2011-115084",605.34
"559","corporate","Standard Class","CA-2011-117345",202.896
"560","corporate","Standard Class","CA-2011-117639",3333.9
"561","corporate","Standard Class","CA-2011-125136",106.944
"562","corporate","Standard Class","CA-2011-128846",752.92
"563","corporate","Standard Class","CA-2011-129091",1022.61
"564","corporate","Standard Class","CA-2011-136336",828.84
"565","corporate","Standard Class","CA-2011-137911",88.768
"566","corporate","Standard Class","CA-2011-138527",192.424
"567","corporate","Standard Class","CA-2011-146885",13.62
"568","corporate","Standard Class","CA-2011-148425",6.642
"569","corporate","Standard Class","CA-2011-149020",54.83
"570","corporate","Standard Class","CA-2011-149538",364.93
"571","corporate","Standard Class","CA-2011-151953",2.816
"572","corporate","Standard Class","CA-2011-151967",129.92
"573","corporate","Standard Class","CA-2011-152562",75.16
"574","corporate","Standard Class","CA-2011-152849",4.368
"575","corporate","Standard Class","CA-2011-153087",521.92
"576","corporate","Standard Class","CA-2011-155208",39.072
"577","corporate","Standard Class","CA-2011-160276",177.68
"578","corporate","Standard Class","CA-2011-160773",581.104
"579","corporate","Standard Class","CA-2011-163223",3769.56
"580","corporate","Standard Class","CA-2011-167850",193.936
"581","corporate","Standard Class","CA-2012-103793",74.352
"582","corporate","Standard Class","CA-2012-103870",284.44
"583","corporate","Standard Class","CA-2012-104241",192.22
"584","corporate","Standard Class","CA-2012-104941",976.29
"585","corporate","Standard Class","CA-2012-105571",1361.631
"586","corporate","Standard Class","CA-2012-106187",268.4
"587","corporate","Standard Class","CA-2012-108259",81.135
"588","corporate","Standard Class","CA-2012-113628",792.508
"589","corporate","Standard Class","CA-2012-120845",22.549
"590","corporate","Standard Class","CA-2012-121552",19.56
"591","corporate","Standard Class","CA-2012-122168",53.28
"592","corporate","Standard Class","CA-2012-125066",62.46
"593","corporate","Standard Class","CA-2012-128083",45.976
"594","corporate","Standard Class","CA-2012-131422",207
"595","corporate","Standard Class","CA-2012-137106",79.96
"596","corporate","Standard Class","CA-2012-137281",6.48
"597","corporate","Standard Class","CA-2012-147011",13.632
"598","corporate","Standard Class","CA-2012-147102",66.36
"599","corporate","Standard Class","CA-2012-147529",324.11
"600","corporate","Standard Class","CA-2012-149342",896.31
"601","corporate","Standard Class","CA-2012-149734",200.984
"602","corporate","Standard Class","CA-2012-150308",246.168
"603","corporate","Standard Class","CA-2012-151624",21.36
"604","corporate","Standard Class","CA-2012-153038",94.688
"605","corporate","Standard Class","CA-2012-154291",457.04
"606","corporate","Standard Class","CA-2012-154921",186.69
"607","corporate","Standard Class","CA-2012-155453",4.608
"608","corporate","Standard Class","CA-2012-160696",7.24
"609","corporate","Standard Class","CA-2012-161998",277.632
"610","corporate","Standard Class","CA-2012-162201",937.608
"611","corporate","Standard Class","CA-2012-164427",239.7
"612","corporate","Standard Class","CA-2012-166975",692.472
"613","corporate","Standard Class","CA-2012-169572",46.62
"614","corporate","Standard Class","CA-2013-106558",316
"615","corporate","Standard Class","CA-2013-109743",104.712
"616","corporate","Standard Class","CA-2013-109911",10.96
"617","corporate","Standard Class","CA-2013-112277",519.68
"618","corporate","Standard Class","CA-2013-113831",4317.3
"619","corporate","Standard Class","CA-2013-113845",574.056
"620","corporate","Standard Class","CA-2013-114713",45.584
"621","corporate","Standard Class","CA-2013-115504",12.96
"622","corporate","Standard Class","CA-2013-116764",9.216
"623","corporate","Standard Class","CA-2013-118073",562.2925
"624","corporate","Standard Class","CA-2013-118178",31.086
"625","corporate","Standard Class","CA-2013-119074",92.7
"626","corporate","Standard Class","CA-2013-123617",7.434
"627","corporate","Standard Class","CA-2013-123946",1159.06
"628","corporate","Standard Class","CA-2013-124254",191.808
"629","corporate","Standard Class","CA-2013-125017",132.224
"630","corporate","Standard Class","CA-2013-130001",36.24
"631","corporate","Standard Class","CA-2013-134516",115.48
"632","corporate","Standard Class","CA-2013-138695",452.464
"633","corporate","Standard Class","CA-2013-139689",40.896
"634","corporate","Standard Class","CA-2013-140928",383.438
"635","corporate","Standard Class","CA-2013-142097",342.76
"636","corporate","Standard Class","CA-2013-145709",64.248
"637","corporate","Standard Class","CA-2013-157763",140.81
"638","corporate","Standard Class","CA-2013-165316",324.387
"639","corporate","Standard Class","CA-2013-165827",50.496
"640","corporate","Standard Class","CA-2013-166380",138.53
"641","corporate","Standard Class","CA-2014-104318",20.768
"642","corporate","Standard Class","CA-2014-107167",1347.52
"643","corporate","Standard Class","CA-2014-108322",26.056
"644","corporate","Standard Class","CA-2014-110310",68.967
"645","corporate","Standard Class","CA-2014-119284",2942.784
"646","corporate","Standard Class","CA-2014-125745",19.52
"647","corporate","Standard Class","CA-2014-126046",12.39
"648","corporate","Standard Class","CA-2014-126382",35.168
"649","corporate","Standard Class","CA-2014-127803",26.16
"650","corporate","Standard Class","CA-2014-128769",81.568
"651","corporate","Standard Class","CA-2014-136826",14.016
"652","corporate","Standard Class","CA-2014-139619",95.616
"653","corporate","Standard Class","CA-2014-141614",20.736
"654","corporate","Standard Class","CA-2014-147333",204.55
"655","corporate","Standard Class","CA-2014-147361",685.26
"656","corporate","Standard Class","CA-2014-148810",287.424
"657","corporate","Standard Class","CA-2014-151855",39.252
"658","corporate","Standard Class","CA-2014-154816",5.78
"659","corporate","Standard Class","CA-2014-155824",61.876
"660","corporate","Standard Class","CA-2014-156272",64.384
"661","corporate","Standard Class","CA-2014-157854",2747.25
"662","corporate","Standard Class","CA-2014-158407",103.968
"663","corporate","Standard Class","CA-2014-159100",1893.786
"664","corporate","Standard Class","CA-2014-160017",10.368
"665","corporate","Standard Class","CA-2014-160724",34.5
"666","corporate","Standard Class","CA-2014-161130",361.376
"667","corporate","Standard Class","CA-2014-161592",8.1
"668","corporate","Standard Class","CA-2014-163629",286.09
"669","corporate","Standard Class","CA-2014-164756",997.83
"670","corporate","Standard Class","CA-2014-164917",47.96
"671","corporate","Standard Class","CA-2014-165029",12.84
"672","corporate","Standard Class","CA-2014-168102",113.568
"673","corporate","Standard Class","CA-2014-168389",873.811
"674","corporate","Standard Class","CA-2014-169012",41.91
"675","corporate","Standard Class","US-2011-107405",16.272
"676","corporate","Standard Class","US-2011-109162",170.352
"677","corporate","Standard Class","US-2011-118997",1215.92
"678","corporate","Standard Class","US-2011-143581",344.91
"679","corporate","Standard Class","US-2011-147774",67.194
"680","corporate","Standard Class","US-2011-156216",18.648
"681","corporate","Standard Class","US-2011-157231",115.36
"682","corporate","Standard Class","US-2011-164763",103.5
"683","corporate","Standard Class","US-2012-112508",6.992
"684","corporate","Standard Class","US-2012-136476",157.794
"685","corporate","Standard Class","US-2012-148817",125.64
"686","corporate","Standard Class","US-2012-158911",16.712
"687","corporate","Standard Class","US-2013-102232",197.05
"688","corporate","Standard Class","US-2013-144393",17.616
"689","corporate","Standard Class","US-2013-148901",191.018
"690","corporate","Standard Class","US-2013-150357",24.703
"691","corporate","Standard Class","US-2013-150567",29.97
"692","corporate","Standard Class","US-2013-159415",79.12
"693","corporate","Standard Class","US-2013-164630",959.968
"694","corporate","Standard Class","US-2014-115252",30.336
"695","corporate","Standard Class","US-2014-126060",198.272
"696","corporate","Standard Class","US-2014-128118",76.521
"697","corporate","Standard Class","US-2014-135503",14.76
"698","corporate","Standard Class","US-2014-166611",68.742
"699","corporate","Standard Class","Grand Total",55942.7865
"700","home","First Class","CA-2011-132010",389.74
"701","home","First Class","CA-2011-136567",2884.37
"702","home","First Class","CA-2011-140165",405.456
"703","home","First Class","CA-2013-149454",10.44
"704","home","First Class","CA-2013-159142",177.78
"705","home","First Class","CA-2013-162159",121.78
"706","home","First Class","CA-2014-121419",771.8
"707","home","First Class","CA-2014-132213",109.968
"708","home","First Class","CA-2014-144456",220.056
"709","home","First Class","CA-2014-155292",204.98
"710","home","First Class","US-2013-158309",3.744
"711","home","First Class","US-2014-162558",2437.672
"712","home","First Class","Grand Total",7737.786
"713","home","Same Day","CA-2011-165806",259.29
"714","home","Same Day","CA-2012-100769",255.968
"715","home","Same Day","CA-2013-136126",261.1
"716","home","Same Day","CA-2014-133095",117.62
"717","home","Same Day","CA-2014-149146",7.968
"718","home","Same Day","US-2013-108504",2075.51
"719","home","Same Day","Grand Total",2977.456
"720","home","Second Class","CA-2011-157609",471.92
"721","home","Second Class","CA-2011-158274",682.91
"722","home","Second Class","CA-2012-115847",61.96
"723","home","Second Class","CA-2012-133977",3.444
"724","home","Second Class","CA-2012-134992",80.38
"725","home","Second Class","CA-2012-140830",89.36
"726","home","Second Class","CA-2012-153549",1166.92
"727","home","Second Class","CA-2013-109344",1127.976
"728","home","Second Class","CA-2013-127985",7.04
"729","home","Second Class","CA-2013-140977",91.475
"730","home","Second Class","CA-2013-149111",55.416
"731","home","Second Class","CA-2013-164350",67.56
"732","home","Second Class","CA-2014-114055",819.28
"733","home","Second Class","CA-2014-141446",18
"734","home","Second Class","CA-2014-142671",11.52
"735","home","Second Class","CA-2014-148922",684.78
"736","home","Second Class","CA-2014-157931",830.24
"737","home","Second Class","CA-2014-160899",477.51
"738","home","Second Class","US-2012-113327",352.168
"739","home","Second Class","US-2013-135209",62.752
"740","home","Second Class","US-2013-168620",823.61
"741","home","Second Class","US-2014-148768",71.976
"742","home","Second Class","US-2014-159205",732.93
"743","home","Second Class","Grand Total",8791.127
"744","home","Standard Class","CA-2011-100293",91.056
"745","home","Standard Class","CA-2011-108707",10.368
"746","home","Standard Class","CA-2011-120670",799.92
"747","home","Standard Class","CA-2011-122217",111.15
"748","home","Standard Class","CA-2011-133634",47.79
"749","home","Standard Class","CA-2011-134621",18.24
"750","home","Standard Class","CA-2011-145317",23661.228
"751","home","Standard Class","CA-2011-148285",22.32
"752","home","Standard Class","CA-2011-156244",457.744
"753","home","Standard Class","CA-2011-167199",4374.88
"754","home","Standard Class","CA-2012-102260",763.508
"755","home","Standard Class","CA-2012-103135",525.95
"756","home","Standard Class","CA-2012-103772",260.31
"757","home","Standard Class","CA-2012-110947",113.1
"758","home","Standard Class","CA-2012-115091",75.04
"759","home","Standard Class","CA-2012-125696",7.38
"760","home","Standard Class","CA-2012-128958",13.12
"761","home","Standard Class","CA-2012-135510",67.96
"762","home","Standard Class","CA-2012-141754",11.696
"763","home","Standard Class","CA-2012-145324",39.96
"764","home","Standard Class","CA-2012-160059",6.24
"765","home","Standard Class","CA-2012-163923",151.96
"766","home","Standard Class","CA-2013-100307",19.44
"767","home","Standard Class","CA-2013-105662",270.728
"768","home","Standard Class","CA-2013-105753",61.1
"769","home","Standard Class","CA-2013-110254",158.81
"770","home","Standard Class","CA-2013-118934",16.218
"771","home","Standard Class","CA-2013-121020",239.976
"772","home","Standard Class","CA-2013-123414",37.264
"773","home","Standard Class","CA-2013-123533",392.832
"774","home","Standard Class","CA-2013-131968",681.432
"775","home","Standard Class","CA-2013-134789",215.84
"776","home","Standard Class","CA-2013-136322",74.32
"777","home","Standard Class","CA-2013-139269",1311.97
"778","home","Standard Class","CA-2013-140571",365.44
"779","home","Standard Class","CA-2013-146171",558.24
"780","home","Standard Class","CA-2013-151155",34.34
"781","home","Standard Class","CA-2013-154403",4.98
"782","home","Standard Class","CA-2013-155439",25.92
"783","home","Standard Class","CA-2013-159212",273.59
"784","home","Standard Class","CA-2013-159891",1396.35
"785","home","Standard Class","CA-2013-165470",5.08
"786","home","Standard Class","CA-2013-169026",23.34
"787","home","Standard Class","CA-2014-100412",141.96
"788","home","Standard Class","CA-2014-102554",3.76
"789","home","Standard Class","CA-2014-110212",48.9
"790","home","Standard Class","CA-2014-113558",729.648
"791","home","Standard Class","CA-2014-120705",147.184
"792","home","Standard Class","CA-2014-124597",32.088
"793","home","Standard Class","CA-2014-124898",184.66
"794","home","Standard Class","CA-2014-125752",41.424
"795","home","Standard Class","CA-2014-127516",64.784
"796","home","Standard Class","CA-2014-128475",71.98
"797","home","Standard Class","CA-2014-129490",419.136
"798","home","Standard Class","CA-2014-129910",59.76
"799","home","Standard Class","CA-2014-134096",399.53
"800","home","Standard Class","CA-2014-139787",35.4
"801","home","Standard Class","CA-2014-146535",1446.84
"802","home","Standard Class","CA-2014-148166",17.856
"803","home","Standard Class","CA-2014-148404",1027.21
"804","home","Standard Class","CA-2014-148474",544.14
"805","home","Standard Class","CA-2014-150931",33.74
"806","home","Standard Class","CA-2014-151211",201.09
"807","home","Standard Class","CA-2014-154123",27.58
"808","home","Standard Class","CA-2014-155089",45.66
"809","home","Standard Class","CA-2014-159135",4.3
"810","home","Standard Class","CA-2014-159667",691.144
"811","home","Standard Class","CA-2014-160423",383.992
"812","home","Standard Class","CA-2014-161088",29.84
"813","home","Standard Class","CA-2014-162033",57.01
"814","home","Standard Class","CA-2014-165904",235.44
"815","home","Standard Class","US-2011-125521",1139.92
"816","home","Standard Class","US-2011-138835",9.64
"817","home","Standard Class","US-2011-155502",944.61
"818","home","Standard Class","US-2011-155817",67.76
"819","home","Standard Class","US-2013-108637",334.2
"820","home","Standard Class","US-2013-109260",431.976
"821","home","Standard Class","US-2013-123750",895.06
"822","home","Standard Class","US-2013-139262",471.078
"823","home","Standard Class","US-2013-146570",612.14
"824","home","Standard Class","US-2013-155404",13.28
"825","home","Standard Class","US-2014-100930",1735.8505
"826","home","Standard Class","US-2014-108315",225.546
"827","home","Standard Class","US-2014-114356",35.96
"828","home","Standard Class","US-2014-120390",1633.188
"829","home","Standard Class","US-2014-129224",4.608
"830","home","Standard Class","US-2014-132031",513.496
"831","home","Standard Class","US-2014-132297",598.31
"832","home","Standard Class","US-2014-132675",148.16
"833","home","Standard Class","US-2014-156083",9.664
"834","home","Standard Class","Grand Total",54748.6325
